exposure,outcome,nSNP,MR_Egger_Beta,Simple_Median_Beta,Weighted_Median_Beta,IVW_FE_Beta,IVW_MRE_Beta,MR_Egger_SE,Simple_Median_SE,Weighted_Median_SE,IVW_FE_SE,IVW_MRE_SE,MR_Egger_pval,Simple_Median_pval,Weighted_Median_pval,IVW_FE_pval,IVW_MRE_pval,Het_pval,Pleio_pval,Outliers,Mean_F_statistic,SNP_pval,Outliers_Removed.,IVW_pval,IVW_Beta,IVW_pval_adj,Passed?,Pleio_pval_BH,Significance
Smoking,CXCL17_C_X_C_motif_chemokine_17,262,0.194573905,0.551782531,0.42197457,NA,0.49435401,0.186305503,0.057073244,0.057463923,NA,0.042253593,0.297279239,4.12469821629049e-22,2.0839755424655e-13,NA,1.27917652004336e-31,0.001687323,0.099775419,No significant outliers,38.77715129,1e-08,NO,1.27917652004336e-31,0.49435401,2.04668243206938e-29,Passed,1.140290503,P<0.05
Smoking,TNFRSF10B_Tumor_necrosis_factor_receptor_superfamily_member_10B,262,0.622078808,0.406291722,0.376893255,NA,0.356980295,0.188355158,0.056131497,0.058090442,NA,0.042870803,0.001091993,4.54635425832019e-13,8.69587365839734e-11,NA,8.29965221235296e-17,0.005114605,0.1496025,No significant outliers,38.77715129,1e-08,NO,8.29965221235296e-17,0.356980295,6.63972176988237e-15,Passed,0.957456,P<0.05
Smoking,TNFRSF10A_Tumor_necrosis_factor_receptor_superfamily_member_10A,261,0.543918748,0.268292683,0.206094553,NA,0.283163966,0.191258448,0.05701271,0.058386578,NA,0.043273577,0.004812181,2.52822902353031e-06,0.000415831,NA,6.00646985960945e-11,0.001270959,0.162853274,rs853684,38.79683387,1e-08,YES,6.00646985960945e-11,0.283163966,3.20345059179171e-09,Passed,0.965056439,P<0.05
Smoking,FASLG_Tumor_necrosis_factor_ligand_superfamily_member_6,258,-0.316606604,-0.213314176,-0.201923077,NA,-0.272508859,0.189810635,0.056349655,0.056061251,NA,0.043000126,0.096535809,0.000153372,0.000315985,NA,2.33679604775778e-10,0.001821092,0.811645326,rs11716779|rs134529|rs77215829|rs8069451,38.74795984,1e-08,YES,2.33679604775778e-10,-0.272508859,9.34718419103112e-09,Passed,0.961950016,P<0.05
Smoking,TNFRSF1A_Tumor_necrosis_factor_receptor_superfamily_member_1A,258,0.511676347,0.289067002,0.271787599,NA,0.266499878,0.190854404,0.05753685,0.061037864,NA,0.043434792,0.007817609,5.05976696801125e-07,8.47693646316493e-06,NA,8.48215703075684e-10,0.000815882,0.188300917,rs12199218|rs2237235|rs7776351|rs853684,38.8269424,1e-08,YES,8.48215703075684e-10,0.266499878,2.71429024984219e-08,Passed,1.004271557,P<0.05
Smoking,IL6_Interleukin_6,262,0.21457218,0.259745127,0.250201075,NA,0.245075646,0.179871942,0.055806221,0.058048946,NA,0.040637657,0.233989608,3.2490711279305e-06,1.6312593555833e-05,NA,1.63198145420748e-09,0.013863602,0.861920107,No significant outliers,38.77715129,1e-08,NO,1.63198145420748e-09,0.245075646,4.35195054455328e-08,Passed,0.971177585,P<0.05
Smoking,CCL3_C_C_motif_chemokine_3,261,0.27539422,0.222222222,0.201952679,0.224603066,NA,0.172964734,0.056546672,0.058361153,0.037705759,NA,0.112559777,8.49846059080012e-05,0.000539382,2.5733316567011e-09,NA,0.219954142,0.763338906,rs77215829,38.68051203,1e-08,YES,2.5733316567011e-09,0.224603066,5.37443730163174e-08,Passed,1.026338025,P<0.05
Smoking,CCL7_C_C_motif_chemokine_7,261,0.301816336,0.22705314,0.220881956,NA,0.248030173,0.185400508,0.055963068,0.057961762,NA,0.041688219,0.10475865,4.96653814354679e-05,0.000138506,NA,2.68721865081587e-09,0.002496975,0.766124975,rs8067305,38.80982237,1e-08,YES,2.68721865081587e-09,0.248030173,5.37443730163174e-08,Passed,1.021499967,P<0.05
Smoking,CCL22_C_C_motif_chemokine_22,261,0.401548795,0.275229358,0.274671371,NA,0.235622242,0.183559417,0.05549826,0.05652027,NA,0.041533487,0.029595216,7.07683862112936e-07,1.17565731857767e-06,NA,1.40263593785548e-08,0.007462936,0.354261121,rs8067305,38.80982237,1e-08,YES,1.40263593785548e-08,0.235622242,2.49357500063196e-07,Passed,0.944696323,P<0.05
Smoking,IL1RN_Interleukin_1_receptor_antagonist_protein,261,0.714916049,0.211180124,0.21346702,NA,0.24118734,0.192917756,0.054492496,0.05743109,NA,0.044090028,0.000257651,0.00010645,0.000201663,NA,4.49178967481395e-08,7.7796109056536e-06,0.012304809,rs77215829,38.68051203,1e-08,YES,4.49178967481395e-08,0.24118734,5.58021260530705e-07,Passed,1.96876944,P<0.05
Smoking,IL7R_Interleukin_7_receptor_subunit_alpha,261,0.113171593,-0.216981132,-0.206365501,NA,-0.221248078,0.173042376,0.057015638,0.056369933,NA,0.040196934,0.513685075,0.000141437,0.000251317,NA,3.71052006300306e-08,0.007035374,0.048053319,rs951740,38.64235111,1e-08,YES,3.71052006300306e-08,-0.221248078,5.58021260530705e-07,Failed,0.768853104,P<0.05
Smoking,CCL16_C_C_motif_chemokine_16,262,0.513747592,0.229676338,0.220710139,NA,0.229442536,0.184720474,0.06108709,0.05788781,NA,0.041955722,0.005811876,0.000170037,0.000137445,NA,4.53392274181198e-08,0.018844554,0.115283723,No significant outliers,38.77715129,1e-08,NO,4.53392274181198e-08,0.229442536,5.58021260530705e-07,Passed,0.970810299,P<0.05
Smoking,TNFSF12_Tumor_necrosis_factor_ligand_superfamily_member_12,261,-0.344777187,-0.260869565,-0.263263254,NA,-0.224878861,0.18108263,0.053397365,0.054370241,NA,0.040946347,0.05802137,1.03198680816773e-06,1.28508454422105e-06,NA,3.97323612144888e-08,0.004952619,0.497261899,rs11078713,38.77365379,1e-08,YES,3.97323612144888e-08,-0.224878861,5.58021260530705e-07,Passed,0.994523798,P<0.05
Smoking,CCL21_C_C_motif_chemokine_21,261,0.013368091,0.236641221,0.207996042,NA,0.214488203,0.190165332,0.056092724,0.056844237,NA,0.04271395,0.944011357,2.45659685295529e-05,0.00025315,NA,5.12688551244495e-07,0.000323522,0.278789155,rs1050847,38.82011931,1e-08,YES,5.12688551244495e-07,0.214488203,5.85929772850851e-06,Passed,0.929297183,P<0.05
Smoking,IL2RA_Interleukin_2_receptor_subunit_alpha,257,0.065250702,0.264317181,0.17858212,NA,0.209458328,0.193812095,0.058760823,0.058089639,NA,0.043888693,0.736642647,6.85353339547153e-06,0.002110319,NA,1.8196261117494e-06,0.000127347,0.445611286,rs12199218|rs2237235|rs77215829|rs7776351|rs853684,38.72899276,1e-08,YES,1.8196261117494e-06,0.209458328,1.94093451919936e-05,Passed,0.976682271,P<0.05
Smoking,TNFRSF6B_Tumor_necrosis_factor_receptor_superfamily_member_6B,261,0.396535744,0.21021021,0.166295214,NA,0.203731575,0.191501356,0.056956155,0.056009821,NA,0.043189202,0.039380626,0.000223605,0.002987349,NA,2.39126932886793e-06,4.37959941417714e-05,0.302370994,rs77215829,38.68051203,1e-08,YES,2.39126932886793e-06,0.203731575,2.39126932886793e-05,Passed,0.948614883,P<0.05
Smoking,IL18_Interleukin_18,259,0.138159528,0.186528497,0.176089873,NA,0.187284438,0.181136373,0.054032703,0.055625937,NA,0.040316606,0.446319393,0.000556157,0.001547596,NA,3.39512849646319e-06,0.040873829,0.781076291,rs117695734|rs4329721|rs77215829,38.62664291,1e-08,YES,3.39512849646319e-06,0.187284438,3.19541505549477e-05,Passed,0.991842909,P<0.05
Smoking,TNFRSF13B_Tumor_necrosis_factor_receptor_superfamily_member_13B,262,0.285231092,0.213605442,0.17779393,NA,0.194566994,0.186618877,0.055548052,0.05634186,NA,0.042981101,0.127625176,0.000120347,0.001601532,NA,5.98826113628258e-06,0.000638809,0.617999487,No significant outliers,38.77715129,1e-08,NO,5.98826113628258e-06,0.194566994,5.32289878780674e-05,Passed,0.941713504,P<0.05
Smoking,EBI3_IL27_Interleukin_27,261,-0.399822946,-0.161290323,-0.135146014,-0.161191899,NA,0.170358585,0.052532065,0.050108227,0.035939363,NA,0.019681534,0.002138285,0.006994997,7.28772505995915e-06,NA,0.070320361,0.151844897,rs77215829,38.68051203,1e-08,YES,7.28772505995915e-06,-0.161191899,6.0243622315507e-05,Passed,0.934430135,P<0.05
Smoking,CCL20_C_C_motif_chemokine_20,262,0.239299502,0.292774392,0.232966558,NA,0.189070727,0.187875806,0.058423232,0.057498234,NA,0.042221039,0.203903275,5.40729257803372e-07,5.08431905376565e-05,NA,7.53045278943837e-06,0.002102188,0.783999084,No significant outliers,38.77715129,1e-08,NO,7.53045278943837e-06,0.189070727,6.0243622315507e-05,Passed,0.987715381,P<0.05
Smoking,IL1RAP_Interleukin_1_receptor_accessory_protein,261,-0.245558789,-0.110091743,-0.074219404,-0.167788685,NA,0.167833496,0.054737628,0.058331507,0.037847314,NA,0.144649882,0.044297727,0.203240814,9.27994617749998e-06,NA,0.728051849,0.634740493,rs1971318,38.69261931,1e-08,YES,9.27994617749998e-06,-0.167788685,7.07043518285713e-05,Passed,0.958098857,P<0.05
Smoking,IL15_Interleukin_15,258,-0.068519681,0.170430108,0.138004971,NA,0.174247019,0.180868253,0.05540981,0.056696971,NA,0.041120371,0.705122522,0.002099308,0.014929689,NA,2.26036005274767e-05,0.024028152,0.169347216,rs12199218|rs2237235|rs77215829|rs853684,38.72310519,1e-08,YES,2.26036005274767e-05,0.174247019,0.00016439,Failed,0.967698377,P<0.05
Smoking,TNFRSF10C_Tumor_necrosis_factor_receptor_superfamily_member_10C,262,0.555581473,0.149072967,0.153905716,0.166723755,NA,0.185540079,0.057180766,0.061284815,0.039967137,NA,0.003014937,0.009132672,0.012028097,3.02572990493053e-05,NA,0.1113836,0.032393545,No significant outliers,38.77715129,1e-08,NO,3.02572990493053e-05,0.166723755,0.000210486,Passed,0.740423886,P<0.05
Smoking,CXCL16_C_X_C_motif_chemokine_16,261,0.182782665,0.166320166,0.1434258,NA,0.17582717,0.190011902,0.05667659,0.056788986,NA,0.042731944,0.336970047,0.00334034,0.011550359,NA,3.87760474229155e-05,0.001428887,0.970058053,rs77215829,38.68051203,1e-08,YES,3.87760474229155e-05,0.17582717,0.000258507,Passed,0.988594194,P<0.05
Smoking,TNFSF13B_Tumor_necrosis_factor_ligand_superfamily_member_13B,259,0.076553376,0.193679918,0.165092257,NA,0.168946873,0.183592836,0.054627258,0.055677405,NA,0.04166061,0.677045755,0.000391897,0.003025283,NA,5.00669149137821e-05,0.000851829,0.605759912,rs12199218|rs2237235|rs7776351,38.80691559,1e-08,YES,5.00669149137821e-05,0.168946873,0.000320428,Passed,0.979005918,P<0.05
Smoking,DEFA1_DEFA1B_Neutrophil_defensin_1,261,0.401586181,0.162393162,0.143858023,0.153137554,NA,0.168995224,0.053496161,0.054809847,0.038124559,NA,0.018213996,0.002400544,0.008673177,5.90014665495658e-05,NA,0.702894312,0.132504,rs8069451,38.8055695,1e-08,YES,5.90014665495658e-05,0.153137554,0.000349638,Passed,1.009554286,P<0.05
Smoking,IFNLR1_Interferon_lambda_receptor_1,262,0.378813963,0.177896175,0.141868101,NA,0.163407312,0.18010131,0.056507625,0.055386942,NA,0.040663765,0.036397183,0.001642905,0.010425132,NA,5.85699745612906e-05,0.036038566,0.2206814,No significant outliers,38.77715129,1e-08,NO,5.85699745612906e-05,0.163407312,0.000349638,Passed,0.954297946,P<0.05
Smoking,TNFRSF14_Tumor_necrosis_factor_receptor_superfamily_member_14,262,0.415622198,0.18985518,0.201938009,NA,0.1867621,0.210175361,0.056689499,0.060768257,NA,0.047545117,0.049040973,0.000810932,0.000890282,NA,8.56186759983521e-05,1.11797153030033e-09,0.264662621,No significant outliers,38.77715129,1e-08,NO,8.56186759983521e-05,0.1867621,0.00048925,Passed,0.941022652,P<0.05
Smoking,IL16_Pro_interleukin_16,262,0.413982373,0.159440753,0.116135002,0.150183558,NA,0.175536547,0.054342621,0.056743921,0.038400829,NA,0.019095389,0.00334634,0.040692365,9.1935417543981e-05,NA,0.222488973,0.124180369,No significant outliers,38.77715129,1e-08,NO,9.1935417543981e-05,0.150183558,0.000490322,Passed,0.993442952,P<0.05
Smoking,IL10RB_Interleukin_10_receptor_subunit_beta,260,0.375277207,0.18811785,0.154437378,NA,0.179404225,0.201595536,0.056934705,0.059523759,NA,0.04583316,0.063805761,0.000952825,0.009471479,NA,9.06710651219856e-05,3.34327034235905e-06,0.319339132,rs2237235|rs853684,38.80527361,1e-08,YES,9.06710651219856e-05,0.179404225,0.000490322,Passed,0.928986566,P<0.05
Smoking,TNFRSF1B_Tumor_necrosis_factor_receptor_superfamily_member_1B,260,0.367899017,0.178101504,0.16078654,NA,0.160684769,0.193471211,0.056363827,0.059336494,NA,0.043740456,0.058341387,0.001578478,0.006733573,NA,0.000239161,9.58947582884683e-05,0.272584371,rs77215829|rs7776351,38.68616784,1e-08,YES,0.000239161,0.160684769,0.001234379,Passed,0.948119551,P<0.05
Smoking,TNFRSF12A_Tumor_necrosis_factor_receptor_superfamily_member_12A,262,0.072754745,0.175526316,0.158185717,NA,0.155806725,0.189551306,0.05441227,0.055525961,NA,0.04258329,0.701421007,0.001255952,0.004387611,NA,0.00025333,0.001419969,0.653315509,No significant outliers,38.77715129,1e-08,NO,0.00025333,0.155806725,0.00126665,Passed,0.958995243,P<0.05
Smoking,CCL23_C_C_motif_chemokine_23,262,0.035802357,0.160403716,0.146499228,0.135326452,NA,0.177066332,0.053883172,0.056400949,0.037999983,NA,0.839920507,0.002911984,0.009391597,0.00036913,NA,0.092324443,0.564326335,No significant outliers,38.77715129,1e-08,NO,0.00036913,0.135326452,0.001789721,Passed,0.992222127,P<0.05
Smoking,TRAF3_TNF_receptor_associated_factor_3_Isoform_2,262,-0.328194431,-0.148430443,-0.175679218,-0.132551932,NA,0.165750543,0.056060221,0.056146954,0.037481098,NA,0.04875215,0.008104228,0.001754512,0.000405465,NA,0.561369962,0.226715754,No significant outliers,38.77715129,1e-08,NO,0.000405465,-0.132551932,0.001908071,Passed,0.906863016,P<0.05
Smoking,TNFRSF9_Tumor_necrosis_factor_receptor_superfamily_member_9,256,0.161185856,0.08710112,0.066422053,NA,0.148225415,0.193930114,0.056663361,0.057927879,NA,0.044038633,0.406667071,0.124252112,0.251533084,NA,0.000763209,0.000116805,0.945337679,rs12199218|rs2237235|rs4543592|rs77215829|rs7776351|rs853684,38.73965289,1e-08,YES,0.000763209,0.148225415,0.003488955,Passed,0.995092294,P<0.05
Smoking,CCL18_C_C_motif_chemokine_18,262,0.079176603,0.111897565,0.052938093,0.12557181,NA,0.183461137,0.058199166,0.059675552,0.039174061,NA,0.666410497,0.054521992,0.375025876,0.001348357,NA,0.081473663,0.795334274,No significant outliers,38.77715129,1e-08,NO,0.001348357,0.12557181,0.005992698,Passed,0.97140064,P<0.05
Smoking,IL20RA_Interleukin_20_receptor_subunit_alpha,262,-0.146128686,-0.071037024,-0.040106013,-0.118511147,NA,0.165203502,0.055027829,0.055711472,0.03711437,NA,0.377223391,0.196728274,0.471594039,0.001407377,NA,0.41010864,0.863842112,No significant outliers,38.77715129,1e-08,NO,0.001407377,-0.118511147,0.006085955,Passed,0.966536629,P<0.05
Smoking,TNFSF14_Tumor_necrosis_factor_ligand_superfamily_member_14,261,0.199328492,0.089430894,0.103560174,NA,0.129536599,0.183104896,0.055489686,0.057842073,NA,0.041041365,0.277341013,0.107034428,0.073390387,NA,0.001598146,0.03845094,0.696013175,rs2244524,38.83982151,1e-08,YES,0.001598146,0.129536599,0.006729036,Passed,1.003262234,P<0.05
Smoking,CCL8_C_C_motif_chemokine_8,262,0.031747198,0.173661724,0.08718079,NA,0.123137469,0.175327584,0.055430031,0.060993458,NA,0.039933911,0.856450873,0.001730354,0.152904643,NA,0.002045595,0.011392497,0.592854937,No significant outliers,38.77715129,1e-08,NO,0.002045595,0.123137469,0.008392185,Passed,0.988091562,P<0.05
Smoking,IL12RB2_Interleukin_12_receptor_subunit_beta_2,261,-0.291568747,-0.164634146,-0.117135928,NA,-0.13127427,0.194393507,0.0582112,0.056157661,NA,0.043529869,0.134861036,0.004680746,0.036993068,NA,0.002563626,0.000176677,0.398279553,rs71491832,38.7831557,1e-08,YES,0.002563626,-0.13127427,0.010254504,Passed,0.980380438,P<0.05
Smoking,TNFRSF11A_Tumor_necrosis_factor_receptor_superfamily_member_11A,262,0.288549809,0.156163626,0.129051312,NA,0.1235091,0.187328419,0.053667807,0.054295962,NA,0.042167874,0.124693187,0.003616377,0.017462971,NA,0.0034007,5.19931405328181e-07,0.366701547,No significant outliers,38.77715129,1e-08,NO,0.0034007,0.1235091,0.012955048,Passed,0.946326573,P<0.05
Smoking,TNFRSF4_Tumor_necrosis_factor_receptor_superfamily_member_4,257,0.146577926,0.191304348,0.126453962,NA,0.133420715,0.201211193,0.05824271,0.058214752,NA,0.045523142,0.466989489,0.001021251,0.029840739,NA,0.003380548,1.77147400431154e-06,0.946524607,rs12199218|rs2237235|rs77215829|rs7776351|rs853684,38.72899276,1e-08,YES,0.003380548,0.133420715,0.012955048,Passed,0.983402189,P<0.05
Smoking,TNF_Tumor_necrosis_factor,260,0.167481755,0.118097218,0.107838776,NA,0.117641176,0.17840006,0.055323579,0.054860822,NA,0.040338737,0.348712121,0.032788516,0.04933568,NA,0.003541727,0.046767566,0.7744721,rs10057121|rs77215829,38.69311976,1e-08,YES,0.003541727,0.117641176,0.013178519,Passed,0.991324288,P<0.05
Smoking,CCL15_C_C_motif_chemokine_15,262,0.091522903,0.114717773,0.025155019,NA,0.116229365,0.183259989,0.055964828,0.056541084,NA,0.041413373,0.617908946,0.040382086,0.656393415,NA,0.005007265,0.013720458,0.890023056,No significant outliers,38.77715129,1e-08,NO,0.005007265,0.116229365,0.018208236,Passed,0.968732578,P<0.05
Smoking,CCL17_C_C_motif_chemokine_17,259,0.236441692,0.096153846,0.116130843,NA,0.122099388,0.194408533,0.05802771,0.058658096,NA,0.043920769,0.22502062,0.09751275,0.047726878,NA,0.005436023,1.1679665207102e-05,0.546506101,rs2244524|rs7629352|rs8067305,38.92910623,1e-08,YES,0.005436023,0.122099388,0.019328082,Passed,1.016755537,P<0.05
Smoking,IL19_Interleukin_19,262,0.245999929,0.119104643,0.098265371,0.104263109,NA,0.173732675,0.057257644,0.058983139,0.038223103,NA,0.157981669,0.03751153,0.095715232,0.006376772,NA,0.2363351,0.402989314,No significant outliers,38.77715129,1e-08,NO,0.006376772,0.104263109,0.022180077,Passed,0.962362541,P<0.05
Smoking,IL22_Interleukin_22,261,0.270657417,0.085714286,0.082786493,NA,0.114716799,0.189337638,0.05906563,0.058114274,NA,0.042774299,0.154066761,0.146732456,0.154288298,NA,0.007320326,0.001048399,0.398615347,rs62074125,38.80982237,1e-08,YES,0.007320326,0.114716799,0.024920259,Passed,0.966340235,P<0.05
Smoking,IL13_Interleukin_13,262,-0.154439869,-0.068797942,-0.078773768,-0.095027513,NA,0.165233251,0.054222808,0.054199082,0.037320386,NA,0.350821574,0.204512123,0.14610852,0.010888316,NA,0.519925578,0.712350053,No significant outliers,38.77715129,1e-08,NO,0.010888316,-0.095027513,0.036294387,Passed,1.017642933,P<0.05
Smoking,TNFAIP2_Tumor_necrosis_factor_alpha_induced_protein_2,262,0.20034887,0.042144748,0.040957727,NA,0.10725324,0.189557878,0.055942577,0.055670883,NA,0.042722544,0.291525866,0.451235237,0.46190609,NA,0.012057396,0.000564361,0.614598197,No significant outliers,38.77715129,1e-08,NO,0.012057396,0.10725324,0.039371089,Passed,0.945535688,P<0.05
Smoking,IRAK4_Interleukin_1_receptor_associated_kinase_4,262,0.103408478,0.069555597,0.054573061,0.092013916,NA,0.170747402,0.056028667,0.053692127,0.037044357,NA,0.545293714,0.214447405,0.309435545,0.012995784,NA,0.169965419,0.945432598,No significant outliers,38.77715129,1e-08,NO,0.012995784,0.092013916,0.041586509,Passed,0.988687684,P<0.05
Smoking,CXCL14_C_X_C_motif_chemokine_14,262,-0.073995401,0.128012339,0.131575681,0.092686791,NA,0.169965186,0.054609596,0.05302212,0.037492475,NA,0.663665066,0.019071198,0.013082178,0.013430546,NA,0.26363231,0.314950254,No significant outliers,38.77715129,1e-08,NO,0.013430546,0.092686791,0.042135046,Failed,0.933185938,P<0.05
Smoking,CCL19_C_C_motif_chemokine_19,261,-0.113400509,0.12,0.089132322,NA,0.098970558,0.179528066,0.055949445,0.055326111,NA,0.040606609,0.52816687,0.03196937,0.107172015,NA,0.014797327,0.023132511,0.225718812,rs77215829,38.68051203,1e-08,YES,0.014797327,0.098970558,0.045530237,Failed,0.926025895,P<0.05
Smoking,IL1A_Interleukin_1_alpha,262,-0.329725122,-0.048842193,-0.053740254,-0.088878606,NA,0.164600597,0.055388881,0.053655592,0.037273866,NA,0.046195512,0.377882256,0.316547514,0.017103505,NA,0.905852407,0.134248177,No significant outliers,38.77715129,1e-08,NO,0.017103505,-0.088878606,0.04967146,Passed,0.976350378,P<0.05
Smoking,IL18R1_Interleukin_18_receptor_1,260,-0.119828668,0.071017102,0.043186984,NA,0.096639985,0.180318862,0.048506402,0.048856979,NA,0.040631286,0.506939783,0.143172943,0.376724782,NA,0.017385011,1.43518629455991e-09,0.21903361,rs1945737|rs1971318,38.75133861,1e-08,YES,0.017385011,0.096639985,0.04967146,Failed,1.001296503,P<0.05
Smoking,TNFSF11_Tumor_necrosis_factor_ligand_superfamily_member_11,261,0.067247963,-0.142231947,-0.123812221,NA,-0.10087744,0.187382728,0.05703074,0.055928376,NA,0.042217889,0.719977041,0.01263295,0.026845024,NA,0.016873722,0.003464032,0.357948093,rs10172421,38.73529172,1e-08,YES,0.016873722,-0.10087744,0.04967146,Failed,0.938880244,P<0.05
Smoking,CXCL8_Interleukin_8,261,0.191998746,0.103448276,0.098837817,0.089716113,NA,0.175779189,0.05366208,0.05606915,0.037717787,NA,0.275728378,0.053883444,0.077936881,0.017377791,NA,0.113232796,0.550799467,rs2244524,38.83982151,1e-08,YES,0.017377791,0.089716113,0.04967146,Passed,1.001453576,P<0.05
Smoking,IL12B_Interleukin_12_subunit_beta,255,-0.155430004,-0.036363636,-0.033339775,NA,-0.096046497,0.179882659,0.056740672,0.055658112,NA,0.040878444,0.388371566,0.521604379,0.549166113,NA,0.018795441,0.003900351,0.734871995,rs12199218|rs2237235|rs2292239|rs574835|rs77215829|rs7776351|rs853684,38.81438682,1e-08,YES,0.018795441,-0.096046497,0.052759133,Passed,1.031399291,NS
Smoking,CCL27_C_C_motif_chemokine_27,262,-0.288563548,0.065586972,0.053127525,NA,0.093390423,0.174328569,0.055527203,0.056064327,NA,0.040057329,0.099073106,0.237535872,0.343324327,NA,0.019731269,0.042446275,0.02526769,No significant outliers,38.77715129,1e-08,NO,0.019731269,0.093390423,0.054431087,Failed,0.673805067,NS
Smoking,IL1B_Interleukin_1_beta,262,0.192738281,0.08328202,0.100520108,NA,0.096677018,0.188308406,0.055603127,0.058445843,NA,0.042838092,0.307011241,0.13418683,0.085453415,NA,0.024020557,0.000888903,0.600792641,No significant outliers,38.77715129,1e-08,NO,0.024020557,0.096677018,0.065140494,Passed,0.980885944,NS
Smoking,IL13RA2_Interleukin_13_receptor_subunit_alpha_2,262,-0.130997714,-0.080902982,-0.080209513,-0.08352375,NA,0.166251096,0.051911337,0.054553591,0.037451307,NA,0.431443151,0.11911859,0.141483653,0.025734444,NA,0.522939378,0.769687742,No significant outliers,38.77715129,1e-08,NO,0.025734444,-0.08352375,0.067500181,Passed,1.017768915,NS
Smoking,IL13RA2_Interleukin_13_receptor_subunit_alpha_2,262,-0.130997714,-0.080902982,-0.080209513,-0.08352375,NA,0.166251096,0.050560153,0.053907112,0.037451307,NA,0.431443151,0.109569025,0.136771785,0.025734444,NA,0.522939378,0.769687742,No significant outliers,38.77715129,1e-08,NO,0.025734444,-0.08352375,0.067500181,Passed,1.009426547,NS
Smoking,CCL11_Eotaxin,262,-0.205190807,0.128195489,0.117977364,NA,0.094794962,0.188400929,0.055319249,0.057416698,NA,0.042804545,0.277110384,0.020483269,0.039902478,NA,0.026787505,0.000285422,0.103311808,No significant outliers,38.77715129,1e-08,NO,0.026787505,0.094794962,0.069129045,Failed,1.03311808,NS
Smoking,IRAK1_Interleukin_1_receptor_associated_kinase_1,262,0.245930034,0.045103616,0.044538373,0.080820137,NA,0.172026205,0.055771142,0.055986913,0.037237815,NA,0.154030033,0.418672316,0.426314573,0.029978216,NA,0.180345473,0.325523235,No significant outliers,38.77715129,1e-08,NO,0.029978216,0.080820137,0.07158977,Passed,0.913749432,NS
Smoking,IL25_Interleukin_25,262,0.057431858,-0.056680162,-0.031022301,-0.081403057,NA,0.163736651,0.05343239,0.053059354,0.03724706,NA,0.726054311,0.288788602,0.558768504,0.028852979,NA,0.796505157,0.384696772,No significant outliers,38.77715129,1e-08,NO,0.028852979,-0.081403057,0.07158977,Failed,0.96174193,NS
Smoking,DEFB104A_DEFB104B_Beta_defensin_104,261,0.018227198,-0.091743119,-0.092384487,-0.081518178,NA,0.16465165,0.0557345,0.054314341,0.037213068,NA,0.911938726,0.099748495,0.088957533,0.028482248,NA,0.803339675,0.534562624,rs7830359,38.82410398,1e-08,YES,0.028482248,-0.081518178,0.07158977,Failed,1.018214522,NS
Smoking,IL1R2_Interleukin_1_receptor_type_2,261,0.108963619,0.089108911,0.122824056,NA,0.08830935,0.179399305,0.052639617,0.052473718,NA,0.040678607,0.544130633,0.090491491,0.019248782,NA,0.029938429,0.000588266,0.905983938,rs1971318,38.69261931,1e-08,YES,0.029938429,0.08830935,0.07158977,Passed,0.972868658,NS
Smoking,IL1R2_Interleukin_1_receptor_type_2,261,0.108963619,0.089108911,0.122824056,NA,0.08830935,0.179399305,0.054281962,0.054831235,NA,0.040678607,0.544130633,0.100674296,0.025088451,NA,0.029938429,0.000588266,0.905983938,rs1971318,38.69261931,1e-08,YES,0.029938429,0.08830935,0.07158977,Passed,0.966382867,NS
Smoking,TNFSF8_Tumor_necrosis_factor_ligand_superfamily_member_8,256,0.006924583,-0.109261121,-0.090245738,-0.080510588,NA,0.174819989,0.056357695,0.05642896,0.037244727,NA,0.968435336,0.05253689,0.109758276,0.03064408,NA,0.074854778,0.608027901,rs11611651|rs12199218|rs2237235|rs77215829|rs7776351|rs951740,38.59437511,1e-08,YES,0.03064408,-0.080510588,0.072103718,Failed,0.953769256,NS
Smoking,IL3RA_Interleukin_3_receptor_subunit_alpha,260,-0.310346406,-0.017647513,-0.009102714,-0.077075174,NA,0.160541044,0.050715841,0.05377453,0.03621466,NA,0.054314594,0.727863867,0.865579894,0.033313329,NA,0.34962684,0.136777085,rs2237235|rs853684,38.80527361,1e-08,YES,0.033313329,-0.077075174,0.077248299,Passed,0.911847233,NS
Smoking,CCL25_C_C_motif_chemokine_25,261,0.11972924,0.13592233,0.122240868,0.07643209,NA,0.167470905,0.055837416,0.054248513,0.036978797,NA,0.475298923,0.014922611,0.024237112,0.038742009,NA,0.300638492,0.790910578,rs7830359,38.82410398,1e-08,YES,0.038742009,0.07643209,0.088553163,Passed,0.98097436,NS
Smoking,CXCL8_Interleukin_8,261,0.257266097,0.077669903,0.036631653,NA,0.080387238,0.175872659,0.053516474,0.056808123,NA,0.039897224,0.144735196,0.146688829,0.519036544,NA,0.043919536,0.045500335,0.302737524,rs2244524,38.83982151,1e-08,YES,0.043919536,0.080387238,0.097979742,Passed,0.931500074,NS
Smoking,CCL14_C_C_motif_chemokine_14,262,-0.001264818,0.041454298,0.043083916,NA,0.081823772,0.179546773,0.054110103,0.054464789,NA,0.040643118,0.994384747,0.443610772,0.428919688,NA,0.044090884,0.035660867,0.63508673,No significant outliers,38.77715129,1e-08,NO,0.044090884,0.081823772,0.097979742,Failed,0.9496624,NS
Smoking,IL15RA_Interleukin_15_receptor_subunit_alpha,259,0.36522063,0.108527132,0.119071058,0.077125176,NA,0.169246223,0.056179707,0.056276551,0.038484708,NA,0.03186029,0.053386014,0.034360111,0.045064988,NA,0.869026592,0.081655116,rs2237235|rs77215829|rs7776351,38.69421289,1e-08,YES,0.045064988,0.077125176,0.098143416,Passed,1.08873488,NS
Smoking,CSF3R_Granulocyte_colony_stimulating_factor_receptor,260,0.218344353,0.079157532,0.083061625,NA,0.08580234,0.189961605,0.060410123,0.057479693,NA,0.04287952,0.25145009,0.190082347,0.148440934,NA,0.04539133,0.006829966,0.474483622,rs77215829|rs8069451,38.70866784,1e-08,YES,0.04539133,0.08580234,0.098143416,Passed,0.998912888,NS
Smoking,IL6R_Interleukin_6_receptor_subunit_alpha,262,-0.018608873,0.014286443,0.014220507,0.063861828,NA,0.143178457,0.047694907,0.048517767,0.032144657,NA,0.896690831,0.764529484,0.769446515,0.046955522,NA,0.47845008,0.554925496,No significant outliers,38.77715129,1e-08,NO,0.046955522,0.063861828,0.10017178,Failed,0.986534215,NS
Smoking,IL12A_IL12B_Interleukin_12,255,-0.176373426,-0.038709677,-0.048349985,NA,-0.080547446,0.178305782,0.056203684,0.057335237,NA,0.041195906,0.323528608,0.490987434,0.399068683,NA,0.050555999,0.003693916,0.581153402,rs12199218|rs2237235|rs2292239|rs574835|rs77215829|rs7776351|rs853684,38.81438682,1e-08,YES,0.050555999,-0.080547446,0.106433682,Passed,0.99983381,NS
Smoking,CSF1R_Macrophage_colony_stimulating_factor_1_receptor,261,0.2740774,-0.069565217,-0.068489964,-0.07213033,NA,0.178296319,0.056223862,0.055022651,0.037839407,NA,0.125464665,0.215979473,0.213220194,0.056621343,NA,0.06776509,0.0473417,rs77215829,38.68051203,1e-08,YES,0.056621343,-0.07213033,0.116146345,Failed,0.841630222,NS
Smoking,IL17D_Interleukin_17D,262,-0.233564241,-0.089696748,-0.086196861,NA,-0.079097673,0.181559767,0.054923499,0.055793416,NA,0.041372365,0.199436746,0.102443443,0.122363459,NA,0.055895693,0.004199681,0.383041832,No significant outliers,38.77715129,1e-08,NO,0.055895693,-0.079097673,0.116146345,Passed,0.972804653,NS
Smoking,IL4R_Interleukin_4_receptor_subunit_alpha,261,0.025334313,0.147286822,0.147024599,NA,0.084233955,0.198417108,0.055213649,0.05869728,NA,0.04491293,0.898499637,0.007639971,0.01225227,NA,0.060724721,5.36776178803891e-06,0.760773519,rs4855882,38.7663262,1e-08,YES,0.060724721,0.084233955,0.122986777,Passed,1.031557314,NS
Smoking,CXCL8_Interleukin_8,260,0.16856813,0.047419993,0.039085566,0.068584122,NA,0.171146906,0.053995864,0.05543146,0.037646035,NA,0.325580034,0.379826905,0.480738543,0.068483018,NA,0.31118395,0.549341671,rs2244524|rs61991652,38.87496505,1e-08,YES,0.068483018,0.068584122,0.135275097,Passed,1.010283533,NS
Smoking,IL31_Interleukin_31,262,-0.148639137,-0.061062625,-0.027807164,NA,-0.074362098,0.180790716,0.054311621,0.056492137,NA,0.040797937,0.411738409,0.260885234,0.622556261,NA,0.068349964,0.026187064,0.673549105,No significant outliers,38.77715129,1e-08,NO,0.068349964,-0.074362098,0.135275097,Passed,0.979707789,NS
Smoking,IL34_Interleukin_34,260,-0.311475823,-0.046512283,-0.018393887,-0.062358795,NA,0.155173303,0.050549469,0.05071748,0.034569492,NA,0.045763102,0.357502762,0.716848786,0.071252029,NA,0.709309247,0.100817091,rs4788565|rs62055044,38.80821485,1e-08,YES,0.071252029,-0.062358795,0.137353309,Passed,1.075382304,NS
Smoking,CCL5_C_C_motif_chemokine_5,262,0.019111861,0.06421127,0.072020501,NA,0.07638259,0.18802417,0.056642469,0.058219292,NA,0.042331519,0.919116196,0.256952241,0.216066443,NA,0.071170116,0.000648153,0.754799277,No significant outliers,38.77715129,1e-08,NO,0.071170116,0.07638259,0.137353309,Passed,1.032204139,NS
Smoking,TNFRSF11B_Tumor_necrosis_factor_receptor_superfamily_member_11B,262,0.082342615,0.046703149,0.027425318,NA,0.077428229,0.192309763,0.055374885,0.05801074,NA,0.043089241,0.668876742,0.399005063,0.636382441,NA,0.072347176,3.30326099909899e-05,0.979098893,No significant outliers,38.77715129,1e-08,NO,0.072347176,0.077428229,0.137804145,Passed,0.99149255,NS
Smoking,IL1RL1_Interleukin_1_receptor_like_1,262,-0.063691852,-0.019777986,-0.045102208,NA,-0.065523717,0.163091494,0.051784263,0.052825843,NA,0.036643719,0.696465676,0.702512962,0.393221031,NA,0.073755105,0.023937295,0.990811009,No significant outliers,38.77715129,1e-08,NO,0.073755105,-0.065523717,0.138833139,Passed,0.990811009,NS
Smoking,CXCL1_Growth_regulated_alpha_protein,262,-0.098957617,-0.061392915,-0.051461854,-0.065247848,NA,0.157836036,0.05337446,0.055916598,0.03667222,NA,0.531232544,0.250049076,0.357399106,0.075204142,NA,0.542291389,0.826367609,No significant outliers,38.77715129,1e-08,NO,0.075204142,-0.065247848,0.139914683,Passed,0.965100857,NS
Smoking,CCL28_C_C_motif_chemokine_28,262,-0.498730585,-0.081730769,-0.097852489,NA,-0.073201257,0.185133875,0.054995913,0.05685186,NA,0.042062193,0.007521942,0.137246214,0.085217515,NA,0.08180459,0.001558097,0.019058551,No significant outliers,38.77715129,1e-08,NO,0.08180459,-0.073201257,0.150445223,Passed,1.016456053,NS
Smoking,IL17RB_Interleukin_17_receptor_B,259,-0.077485772,-0.076923077,-0.055210612,NA,-0.070312474,0.179690505,0.052642416,0.058429538,NA,0.041237099,0.66667138,0.143950254,0.344705192,NA,0.088179859,0.040625788,0.967312307,rs2237235|rs2633727|rs853684,38.78178046,1e-08,YES,0.088179859,-0.070312474,0.160327016,Passed,0.992115187,NS
Smoking,IL2RB_Interleukin_2_receptor_subunit_beta,262,-0.269423578,-0.087253559,-0.068336406,-0.063034225,NA,0.16490264,0.05236653,0.055110728,0.037235795,NA,0.103503923,0.095671889,0.214981417,0.090486019,NA,0.937673017,0.200017758,No significant outliers,38.77715129,1e-08,NO,0.090486019,-0.063034225,0.162159154,Passed,1.00008879,NS
Smoking,IL11_Interleukin_11,262,-0.170742657,-0.102038603,-0.072319655,-0.062493125,NA,0.163238233,0.055147233,0.054528319,0.036999513,NA,0.296545294,0.064271166,0.184747959,0.091214524,NA,0.503720223,0.496567032,No significant outliers,38.77715129,1e-08,NO,0.091214524,-0.062493125,0.162159154,Passed,1.005705381,NS
Smoking,CXCL8_Interleukin_8,261,0.151742298,0.092436975,0.061737975,0.062665514,NA,0.168030361,0.053734829,0.054887903,0.037419474,NA,0.367330643,0.085388239,0.260673319,0.093997717,NA,0.391442914,0.586822296,rs2244524,38.83982151,1e-08,YES,0.093997717,0.062665514,0.16347429,Passed,0.998846461,NS
Smoking,CXCL8_Interleukin_8,261,0.151742298,0.092436975,0.061737975,0.062665514,NA,0.168030361,0.056001831,0.055028395,0.037419474,NA,0.367330643,0.098818993,0.261892451,0.093997717,NA,0.391442914,0.586822296,rs2244524,38.83982151,1e-08,YES,0.093997717,0.062665514,0.16347429,Passed,0.988332288,NS
Smoking,CXCL10_C_X_C_motif_chemokine_10,261,-0.268691471,-0.086538462,-0.063881124,NA,-0.069515441,0.187095182,0.057722627,0.055165749,NA,0.04216487,0.152174392,0.133818611,0.246870048,NA,0.099217764,0.003108361,0.275558878,rs77215829,38.68051203,1e-08,YES,0.099217764,-0.069515441,0.1688813,Passed,0.938072776,NS
Smoking,IL9_Interleukin_9,262,0.065470623,-0.054287817,-0.03779238,-0.062194268,NA,0.166378576,0.054140499,0.056887171,0.037641125,NA,0.694269814,0.315995475,0.506473213,0.098474291,NA,0.578265517,0.431566274,No significant outliers,38.77715129,1e-08,NO,0.098474291,-0.062194268,0.1688813,Failed,0.972543716,NS
Smoking,CCL26_C_C_motif_chemokine_26,262,0.100481321,0.063875939,0.108971927,0.060407114,NA,0.17279535,0.055792987,0.05425716,0.037335176,NA,0.5614041,0.252261366,0.044597189,0.105669533,NA,0.157919002,0.812019961,No significant outliers,38.77715129,1e-08,NO,0.105669533,0.060407114,0.17796974,Passed,0.955317601,NS
Smoking,CCL2_C_C_motif_chemokine_2,262,0.038654375,0.0643768,0.041981181,NA,0.066547531,0.188600728,0.05626836,0.055812101,NA,0.042608284,0.837768831,0.252580924,0.451938131,NA,0.118324535,0.000916076,0.879434254,No significant outliers,38.77715129,1e-08,NO,0.118324535,0.066547531,0.197207558,Passed,0.963763566,NS
Smoking,TSLP_Thymic_stromal_lymphopoietin,262,0.315870641,-0.040838024,-0.016830874,-0.054204737,NA,0.168392547,0.055742626,0.054228416,0.037271045,NA,0.061803282,0.463791748,0.756279593,0.145852319,NA,0.222711894,0.024873428,No significant outliers,38.77715129,1e-08,NO,0.145852319,-0.054204737,0.240581145,Failed,0.795949696,NS
Smoking,TNFRSF17_Tumor_necrosis_factor_receptor_superfamily_member_17,261,0.301667863,0.136986301,0.103614747,NA,0.061655275,0.191164688,0.054787596,0.056206048,NA,0.043313648,0.115774159,0.012408259,0.065258902,NA,0.15460265,0.000149618,0.198560799,rs12742446,38.79008099,1e-08,YES,0.15460265,0.061655275,0.25241249,Passed,1.02482993,NS
Smoking,DEFB4A_DEFB4B_Beta_defensin_4A,261,-0.085370724,0.054545455,0.022928735,NA,0.058900099,0.184949178,0.057711777,0.054717982,NA,0.041720573,0.644762678,0.344589659,0.675190743,NA,0.158015959,0.006912364,0.424025244,rs12199218,38.79235111,1e-08,YES,0.158015959,0.058900099,0.255379328,Failed,0.983246943,NS
Smoking,IL21R_Interleukin_21_receptor,262,-0.344509906,-0.033986175,-0.064159177,-0.050726816,NA,0.174692525,0.05505634,0.057199805,0.037764636,NA,0.049658791,0.537038105,0.262003726,0.179195585,NA,0.126198719,0.085469482,No significant outliers,38.77715129,1e-08,NO,0.179195585,-0.050726816,0.286712936,Passed,1.051932086,NS
Smoking,CXCL11_C_X_C_motif_chemokine_11,259,-0.226645982,-0.057324841,-0.054258403,NA,-0.051909534,0.174194576,0.053755548,0.053589798,NA,0.039347458,0.194386716,0.286243501,0.311310346,NA,0.187082155,0.028382503,0.304110569,rs11527908|rs2244524|rs77215829,38.73449195,1e-08,YES,0.187082155,-0.051909534,0.29636777,Passed,0.918069642,NS
Smoking,CSF1_Macrophage_colony_stimulating_factor_1,262,0.121122942,0.135900141,0.121382247,NA,0.057928507,0.19919428,0.058458573,0.05733488,NA,0.044924955,0.543675577,0.020086638,0.034253475,NA,0.197241505,4.26090472658078e-06,0.744935822,No significant outliers,38.77715129,1e-08,NO,0.197241505,0.057928507,0.309398439,Passed,1.027497686,NS
Smoking,IL18BP_Interleukin_18_binding_protein,259,0.000621733,0.174418605,0.066197772,NA,0.059946163,0.208108078,0.05729674,0.058985498,NA,0.046832032,0.997618604,0.002333559,0.261746815,NA,0.200536411,1.91879407160143e-08,0.770065836,rs2237235|rs77215829|rs853684,38.70799668,1e-08,YES,0.200536411,0.059946163,0.311512871,Passed,1.001711657,NS
Smoking,IL24_Interleukin_24,262,0.092031415,-0.037241379,0,-0.046900393,NA,0.174564857,0.057356418,0.055683328,0.037126972,NA,0.598500985,0.516146099,1,0.206501813,NA,0.076543692,0.414670106,No significant outliers,38.77715129,1e-08,NO,0.206501813,-0.046900393,0.317695097,Failed,0.975694367,NS
Smoking,CX3CL1_Fractalkine,258,-0.056205574,-0.046018145,-0.041927502,-0.046031852,NA,0.172823952,0.055420719,0.054422564,0.037492996,NA,0.745281221,0.406345504,0.441058736,0.219542576,NA,0.153545907,0.951848616,rs12199218|rs2237235|rs7776351|rs853684,38.8269424,1e-08,YES,0.219542576,-0.046031852,0.334541068,Passed,0.98255341,NS
Smoking,IFNG_Interferon_gamma,261,-0.172340058,0.086092715,0.051881325,NA,0.053380892,0.193734982,0.054988697,0.056530525,NA,0.043678523,0.374524451,0.117432017,0.358745736,NA,0.221657965,8.70567502550859e-05,0.232853172,rs77215829,38.68051203,1e-08,YES,0.221657965,0.053380892,0.33457806,Failed,0.908695305,NS
Smoking,IL7_Interleukin_7,262,0.240236734,0.065483871,0.051741816,0.044563833,NA,0.172191244,0.05420262,0.052601133,0.037031438,NA,0.164153977,0.22699684,0.325280979,0.22881948,NA,0.111730268,0.244439611,No significant outliers,38.77715129,1e-08,NO,0.22881948,0.044563833,0.339281458,Passed,0.888871313,NS
Smoking,IFNGR1_Interferon_gamma_receptor_1,259,0.001868877,-0.061403509,-0.028969186,NA,-0.05634722,0.207641994,0.060975666,0.058332623,NA,0.04684281,0.992825736,0.313926788,0.619456584,NA,0.229014984,6.63656455995015e-08,0.773721143,rs12742446|rs2237235|rs853684,38.81841173,1e-08,YES,0.229014984,-0.05634722,0.339281458,Failed,0.998349862,NS
Smoking,IL5RA_Interleukin_5_receptor_subunit_alpha,257,0.20039875,-0.051546392,-0.02896523,NA,-0.051675793,0.190843689,0.057464072,0.057098931,NA,0.043401058,0.294681232,0.369708526,0.611957339,NA,0.233788094,0.001348179,0.176215252,rs12199218|rs2237235|rs7776351|rs8069451|rs853684,38.85599665,1e-08,YES,0.233788094,-0.051675793,0.340669159,Failed,0.97222208,NS
Smoking,IL17RA_Interleukin_17_receptor_A,262,0.089692414,-0.050918398,-0.016441934,-0.047801889,NA,0.177432814,0.060038736,0.058232316,0.040183711,NA,0.613635458,0.396386492,0.777674632,0.234210047,NA,0.878929791,0.427001752,No significant outliers,38.77715129,1e-08,NO,0.234210047,-0.047801889,0.340669159,Failed,0.976004005,NS
Smoking,CXCL5_C_X_C_motif_chemokine_5,260,0.259858549,0.023527793,0.024165778,NA,0.046097937,0.176058415,0.05196335,0.053409025,NA,0.038948162,0.1411689,0.650709557,0.65093318,NA,0.2365827,0.029657972,0.214288925,rs12773990|rs2244524,38.75520544,1e-08,YES,0.2365827,0.046097937,0.341020108,Passed,1.008418471,NS
Smoking,CCL24_C_C_motif_chemokine_24,262,-0.139891344,0,0,-0.042767412,NA,0.157666759,0.052349897,0.053924563,0.036308775,NA,0.37575915,1,1,0.23884409,NA,0.92656136,0.527275843,No significant outliers,38.77715129,1e-08,NO,0.23884409,-0.042767412,0.341205843,Failed,1.01643536,NS
Smoking,CCL13_C_C_motif_chemokine_13,260,0.012484639,0.068822921,0.081403938,NA,0.05126283,0.20087377,0.05719917,0.056099773,NA,0.045424536,0.950490174,0.228892986,0.146764141,NA,0.259097285,5.80146387264939e-07,0.843043791,rs12199218|rs2237235,38.80077361,1e-08,YES,0.259097285,0.05126283,0.366863412,Passed,0.970410119,NS
Smoking,IL10RA_Interleukin_10_receptor_subunit_alpha,262,0.043951205,-0.091939114,-0.038815366,-0.041692461,NA,0.166665206,0.053198632,0.055063901,0.037383271,NA,0.792212627,0.083948206,0.480863173,0.264734502,NA,0.431255726,0.598283454,No significant outliers,38.77715129,1e-08,NO,0.264734502,-0.041692461,0.371557196,Failed,0.986859306,NS
Smoking,IFNL1_Interferon_lambda_1,262,0.022655511,0,0,0.040852703,NA,0.175763161,0.056128476,0.055686872,0.037881443,NA,0.897538054,1,1,0.280839323,NA,0.155623142,0.915454428,No significant outliers,38.77715129,1e-08,NO,0.280839323,0.040852703,0.390732971,Failed,0.970017937,NS
Smoking,DEFB116_Beta_defensin_116,262,-0.174740489,0.013245033,0.032421651,NA,-0.042523298,0.179104492,0.056859202,0.056588802,NA,0.040420669,0.330152565,0.815804574,0.566689356,NA,0.292790989,0.039270022,0.449259806,No significant outliers,38.77715129,1e-08,NO,0.292790989,-0.042523298,0.400397934,Failed,0.971372554,NS
Smoking,CSF2RA_Granulocyte_macrophage_colony_stimulating_factor_receptor_subunit_alpha,261,0.072308984,0.037037037,0.039896174,0.039405744,NA,0.165853616,0.056749384,0.055560504,0.037304983,NA,0.663213857,0.513987038,0.472715873,0.290825166,NA,0.463668632,0.838783639,rs77215829,38.68051203,1e-08,YES,0.290825166,0.039405744,0.400397934,Passed,0.97250277,NS
Smoking,CXCL9_C_X_C_motif_chemokine_9,258,-0.289555653,0.066925429,0.043882821,NA,0.042592069,0.182655975,0.056226582,0.057155753,NA,0.041633037,0.114143669,0.233935987,0.442620223,NA,0.30629113,0.010159139,0.06303004,rs12199218|rs2237235|rs77215829|rs7776351,38.70926798,1e-08,YES,0.30629113,0.042592069,0.415310007,Failed,0.916800582,NS
Smoking,CCL4_C_C_motif_chemokine_4,260,0.126910903,0.04950495,0.04950495,NA,0.041822881,0.187786482,0.057044251,0.055999485,NA,0.042433479,0.499756732,0.385485119,0.37668266,NA,0.324324304,0.002367916,0.642195435,rs11716779|rs9375371,38.78355246,1e-08,YES,0.324324304,0.041822881,0.436066291,Passed,0.951400644,NS
Smoking,IL17C_Interleukin_17C,262,-0.085069403,0.009574858,0.016436811,0.036616638,NA,0.166261351,0.055091269,0.05319721,0.037437411,NA,0.609322757,0.862022709,0.75733765,0.32803668,NA,0.816448833,0.453219265,No significant outliers,38.77715129,1e-08,NO,0.32803668,0.036616638,0.43738224,Failed,0.966867765,NS
Smoking,TNFAIP8L2_Tumor_necrosis_factor_alpha_induced_protein_8_like_protein_2,262,0.085403919,0.018863049,0.019209082,NA,0.039115337,0.180213003,0.055614431,0.05749168,NA,0.041137802,0.635965062,0.734477569,0.738289517,NA,0.34168722,0.008210512,0.792107272,No significant outliers,38.77715129,1e-08,NO,0.34168722,0.039115337,0.451817812,Passed,0.974901258,NS
Smoking,IL32_Interleukin_32,260,0.152648565,-0.030212085,-0.019684188,NA,-0.039663988,0.187551489,0.053783341,0.05422093,NA,0.042097289,0.416451529,0.574295319,0.71657746,NA,0.346091194,0.001611243,0.293681883,rs2237235|rs574835,38.83264861,1e-08,YES,0.346091194,-0.039663988,0.45389009,Failed,0.958961251,NS
Smoking,IL3_Interleukin_3,262,-0.116193723,-0.042622582,-0.052646425,-0.03477909,NA,0.165338178,0.052733381,0.055669892,0.037394814,NA,0.482831558,0.418937653,0.344307045,0.352344597,NA,0.497176613,0.613618827,No significant outliers,38.77715129,1e-08,NO,0.352344597,-0.03477909,0.458334435,Passed,0.953194294,NS
Smoking,IL6ST_Interleukin_6_receptor_subunit_beta,261,0.181847134,-0.057692308,-0.050471306,NA,-0.039315071,0.189921651,0.057217771,0.055841203,NA,0.042960653,0.339215407,0.313313569,0.366082212,NA,0.360117423,0.001027488,0.233014415,rs951740,38.64235111,1e-08,YES,0.360117423,-0.039315071,0.464667643,Failed,0.887673962,NS
Smoking,DEFB118_Beta_defensin_118,262,-0.137077903,0.062469514,0.050031018,0.032822181,NA,0.165986948,0.055822397,0.055541994,0.037488649,NA,0.409654581,0.263107646,0.367706257,0.381289315,NA,0.655370673,0.294360891,No significant outliers,38.77715129,1e-08,NO,0.381289315,0.032822181,0.488050323,Failed,0.941954851,NS
Smoking,IL20_Interleukin_20,262,0.078325782,-0.022077964,-0.026991034,-0.029218059,NA,0.164667531,0.051750652,0.053330823,0.037185842,NA,0.63471591,0.669654706,0.612782439,0.432025251,NA,0.732805402,0.503188406,No significant outliers,38.77715129,1e-08,NO,0.432025251,-0.029218059,0.548603493,Failed,0.993952407,NS
Smoking,DEFB103A_DEFB103B_Beta_defensin_103,262,-0.009051507,-0.023770256,-0.02323538,-0.02875498,NA,0.165948698,0.054506645,0.055702519,0.03749893,NA,0.956543638,0.662765399,0.676580854,0.443187748,NA,0.592096867,0.903084345,No significant outliers,38.77715129,1e-08,NO,0.443187748,-0.02875498,0.558346769,Passed,0.9763074,NS
Smoking,IL36A_Interleukin_36_alpha,262,-0.190663648,-0.047648151,-0.049121783,-0.028173165,NA,0.16827906,0.053983198,0.053785536,0.037250022,NA,0.25824931,0.377426598,0.361090126,0.449453696,NA,0.289573304,0.322431321,No significant outliers,38.77715129,1e-08,NO,0.449453696,-0.028173165,0.56181712,Passed,0.921232346,NS
Smoking,TNFSF10_Tumor_necrosis_factor_ligand_superfamily_member_10,261,0.186475332,0.043478261,0.042290921,0.02516906,NA,0.175964789,0.053644887,0.056999167,0.037056358,NA,0.290254288,0.417662714,0.458113497,0.497004632,NA,0.05342474,0.347624674,rs113103684,38.82736601,1e-08,YES,0.497004632,0.02516906,0.602429857,Passed,0.958964618,NS
Smoking,TNFSF10_Tumor_necrosis_factor_ligand_superfamily_member_10,261,0.186475332,0.043478261,0.042290921,0.02516906,NA,0.175964789,0.056675907,0.055810417,0.037056358,NA,0.290254288,0.442999273,0.448594463,0.497004632,NA,0.05342474,0.347624674,rs113103684,38.82736601,1e-08,YES,0.497004632,0.02516906,0.602429857,Passed,0.94271098,NS
Smoking,CSF3_Granulocyte_colony_stimulating_factor,262,0.140867757,0.020430736,0.009482597,NA,0.028932107,0.186919815,0.056678918,0.056830482,NA,0.041966268,0.451755345,0.718499826,0.867482108,NA,0.49056316,0.006284691,0.5393757,No significant outliers,38.77715129,1e-08,NO,0.49056316,0.028932107,0.602429857,Passed,1.015295435,NS
Smoking,IL12RB1_Interleukin_12_receptor_subunit_beta_1,261,0.108725136,0.052631579,0.037525545,0.025548679,NA,0.166092715,0.054523114,0.054616843,0.037043869,NA,0.513302933,0.33439074,0.492039184,0.490390968,NA,0.36441316,0.607591823,rs77215829,38.68051203,1e-08,YES,0.490390968,0.025548679,0.602429857,Passed,0.9625217,NS
Smoking,TNFRSF13C_Tumor_necrosis_factor_receptor_superfamily_member_13C,261,0.158145776,0.051282051,0.026303632,NA,0.025387101,0.174150794,0.056706434,0.056636073,NA,0.039681469,0.36467126,0.365813699,0.642337921,NA,0.522320698,0.037172026,0.434373492,rs12742446,38.79008099,1e-08,YES,0.522320698,0.025387101,0.624385992,Passed,0.965274427,NS
Smoking,IL20RB_Interleukin_20_receptor_subunit_beta,262,-0.107520185,-0.001592357,-0.020103059,-0.023916484,NA,0.166950602,0.055790487,0.055752776,0.037437023,NA,0.520127619,0.977230091,0.718417153,0.522923268,NA,0.390363769,0.607553437,No significant outliers,38.77715129,1e-08,NO,0.522923268,-0.023916484,0.624385992,Passed,0.972085499,NS
Smoking,TNFRSF19_Tumor_necrosis_factor_receptor_superfamily_member_19,262,0.091012881,0.023960446,0.007168268,NA,0.025060566,0.201420504,0.054912369,0.05973148,NA,0.045237963,0.651750088,0.662590284,0.904476649,NA,0.579597991,9.09612929987575e-07,0.737103479,No significant outliers,38.77715129,1e-08,NO,0.579597991,0.025060566,0.686930952,Passed,1.025535275,NS
Smoking,IL17A_Interleukin_17A,262,0.061375996,0.041025684,0.048423899,NA,0.018836407,0.182134661,0.056316491,0.054964399,NA,0.041114953,0.736402764,0.466317121,0.378315229,NA,0.646851816,0.01428009,0.810695157,No significant outliers,38.77715129,1e-08,NO,0.646851816,0.018836407,0.759908206,Passed,0.967994217,NS
Smoking,CXCL12_Stromal_cell_derived_factor_1,262,0.012461654,-0.04279683,-0.051736977,NA,-0.018627603,0.182328866,0.05606851,0.055877862,NA,0.041136005,0.945561844,0.445287306,0.354501071,NA,0.650671401,0.015409084,0.861182709,No significant outliers,38.77715129,1e-08,NO,0.650671401,-0.018627603,0.759908206,Failed,0.977228606,NS
Smoking,IL33_Interleukin_33,262,0.128963282,0.053802009,0.020230334,NA,0.017441443,0.180167976,0.053123543,0.055329891,NA,0.040798699,0.474760476,0.311169332,0.714640299,NA,0.669015197,0.012284119,0.525638124,No significant outliers,38.77715129,1e-08,NO,0.669015197,0.017441443,0.775669794,Passed,1.025635364,NS
Smoking,IFNGR2_Interferon_gamma_receptor_2,262,0.250504693,0,0,0.014421915,NA,0.161917221,0.051996377,0.056031734,0.036444499,NA,0.123051625,1,1,0.692309622,NA,0.46903913,0.135750657,No significant outliers,38.77715129,1e-08,NO,0.692309622,0.014421915,0.796903162,Failed,0.944352397,NS
Smoking,CXCL3_C_X_C_motif_chemokine_3,262,0.207911151,-0.036445013,-0.025568314,-0.013630446,NA,0.177521077,0.055343378,0.055698385,0.037563598,NA,0.24259409,0.510200664,0.646198646,0.716707097,NA,0.071794339,0.201427653,No significant outliers,38.77715129,1e-08,NO,0.716707097,-0.013630446,0.807557292,Failed,0.976618924,NS
Smoking,TNFRSF8_Tumor_necrosis_factor_receptor_superfamily_member_8,257,-0.045845781,0.051724138,0.00754127,NA,-0.016011329,0.192783151,0.057032138,0.055966455,NA,0.043411581,0.812219348,0.364443989,0.892812508,NA,0.712257274,4.87845077633826e-05,0.873911027,rs12199218|rs2237235|rs77215829|rs7776351|rs853684,38.72899276,1e-08,YES,0.712257274,-0.016011329,0.807557292,Failed,0.971012252,NS
Smoking,TNFRSF8_Tumor_necrosis_factor_receptor_superfamily_member_8,257,-0.045845781,0.051724138,0.00754127,NA,-0.016011329,0.192783151,0.055666697,0.057353769,NA,0.043411581,0.812219348,0.352798076,0.895390143,NA,0.712257274,4.87845077633826e-05,0.873911027,rs12199218|rs2237235|rs77215829|rs7776351|rs853684,38.72899276,1e-08,YES,0.712257274,-0.016011329,0.807557292,Failed,0.964315616,NS
Smoking,IL18RAP_Interleukin_18_receptor_accessory_protein,262,0.191471491,-0.052461189,-0.036893312,-0.010281957,NA,0.170486304,0.055473504,0.055128639,0.037304847,NA,0.262435171,0.344302575,0.503353706,0.782840042,NA,0.200903049,0.225488121,No significant outliers,38.77715129,1e-08,NO,0.782840042,-0.010281957,0.875904942,Failed,0.949423667,NS
Smoking,IFNAR1_Interferon_alpha_beta_receptor_1,262,0.386879422,0.046918987,0.043214545,-0.009627573,NA,0.175676603,0.057156832,0.056902446,0.038687413,NA,0.028527535,0.411713768,0.447583595,0.803472597,NA,0.191507517,0.021266942,No significant outliers,38.77715129,1e-08,NO,0.803472597,-0.009627573,0.878820651,Failed,0.85067768,NS
Smoking,IL10_Interleukin_10,258,-0.376317633,0,-0.01648995,NA,-0.01077332,0.1784652,0.057130669,0.058133574,NA,0.040730669,0.035947929,1,0.776673851,NA,0.791393576,0.041078078,0.03643934,rs12199218|rs2237235|rs7109396|rs8069451,38.78461682,1e-08,YES,0.791393576,-0.01077332,0.878820651,Failed,0.7287868,NS
Smoking,IL1R1_Interleukin_1_receptor_type_1,260,0.292148207,0,0.00437397,NA,0.009891211,0.18008675,0.056995082,0.057058267,NA,0.040998096,0.105968199,1,0.938895661,NA,0.80935341,0.007815701,0.108765568,rs2237235|rs8067305,38.81831207,1e-08,YES,0.80935341,0.009891211,0.878820651,Failed,1.023675934,NS
Smoking,IL22RA1_Interleukin_22_receptor_subunit_alpha_1,262,-0.107106743,0.000588428,-0.007839033,-0.009228445,NA,0.177124848,0.053827752,0.056962113,0.03725147,NA,0.545908143,0.991277957,0.890542039,0.804340443,NA,0.059549968,0.57112505,No significant outliers,38.77715129,1e-08,NO,0.804340443,-0.009228445,0.878820651,Failed,0.993260957,NS
Smoking,CSF2RB_Cytokine_receptor_common_subunit_beta,262,0.066083176,-0.023622047,-0.013141636,0.011986079,NA,0.223063243,0.067871124,0.070173185,0.050643667,NA,0.7672733,0.727808137,0.851445555,0.812909102,NA,0.999998065,0.803540332,No significant outliers,38.77715129,1e-08,NO,0.812909102,0.011986079,0.878820651,Failed,0.966665061,NS
Smoking,IL17F_Interleukin_17F,262,0.107316086,0.021786033,0.024928699,-0.008496548,NA,0.166581975,0.056547537,0.052486092,0.037451539,NA,0.519998189,0.70003787,0.634816783,0.820526545,NA,0.908749017,0.47617951,No significant outliers,38.77715129,1e-08,NO,0.820526545,-0.008496548,0.88110233,Failed,0.989463917,NS
Smoking,CXCL6_C_X_C_motif_chemokine_6,262,-0.192617447,-0.003875969,-0.039168409,0.007956138,NA,0.174941388,0.054369533,0.055956369,0.036722312,NA,0.271897574,0.943167466,0.483939015,0.828475835,NA,0.053879726,0.240459323,No significant outliers,38.77715129,1e-08,NO,0.828475835,0.007956138,0.883707557,Failed,0.894732365,NS
Smoking,IL31RA_Interleukin_31_receptor_subunit_alpha,262,0.035671843,-0.032004831,-0.006044531,-0.00779522,NA,0.174093393,0.05669693,0.057769721,0.037369767,NA,0.837810093,0.572420932,0.916668242,0.834762889,NA,0.101161448,0.797874537,No significant outliers,38.77715129,1e-08,NO,0.834762889,-0.00779522,0.884516968,Failed,0.967120651,NS
Smoking,TRAF2_TNF_receptor_associated_factor_2,262,0.376846512,0.009259259,-0.00122945,-0.006305834,NA,0.165516966,0.053838538,0.057446806,0.037303776,NA,0.023612053,0.863451682,0.982925349,0.865765101,NA,0.533087904,0.018225812,No significant outliers,38.77715129,1e-08,NO,0.865765101,-0.006305834,0.89720445,Failed,1.45806496,NS
Smoking,CXCL13_C_X_C_motif_chemokine_13,262,-0.263072019,0.010278187,0.01131335,0.006220795,NA,0.174504716,0.058549004,0.056338321,0.037766583,NA,0.132887581,0.860648702,0.840846424,0.869166811,NA,0.155173022,0.114441349,No significant outliers,38.77715129,1e-08,NO,0.869166811,0.006220795,0.89720445,Failed,1.017256436,NS
Smoking,CSF2_Granulocyte_macrophage_colony_stimulating_factor,262,-0.117320282,0.055021464,0.018378075,-0.006581172,NA,0.165392738,0.05288463,0.05445238,0.037259988,NA,0.478746879,0.298151511,0.735734521,0.859800287,NA,0.710177626,0.492557685,No significant outliers,38.77715129,1e-08,NO,0.859800287,-0.006581172,0.89720445,Failed,1.010374738,NS
Smoking,IL4_Interleukin_4,262,-0.061976733,-0.045728793,-0.015814786,-0.006561973,NA,0.166522023,0.055024359,0.056600497,0.03723471,NA,0.710059476,0.405937174,0.779929633,0.860111138,NA,0.432983427,0.732955491,No significant outliers,38.77715129,1e-08,NO,0.860111138,-0.006561973,0.89720445,Passed,1.037813085,NS
Smoking,TNFSF13_Tumor_necrosis_factor_ligand_superfamily_member_13,261,-0.102131414,-0.053691275,-0.007524253,NA,0.006412876,0.187028462,0.054300234,0.056998471,NA,0.042195947,0.585485003,0.322768181,0.894977987,NA,0.879203914,0.006878829,0.551854776,rs11078713,38.77365379,1e-08,YES,0.879203914,0.006412876,0.901747604,Failed,0.992098474,NS
Smoking,TNFAIP8_Tumor_necrosis_factor_alpha_induced_protein_8,262,0.196290773,-0.041544834,-0.031387553,-0.003944366,NA,0.167443941,0.056178707,0.054347366,0.037272795,NA,0.242158645,0.459596086,0.563577517,0.915721783,NA,0.312071667,0.220612204,No significant outliers,38.77715129,1e-08,NO,0.915721783,-0.003944366,0.933219651,Failed,0.980498684,NS
Smoking,IL36G_Interleukin_36_gamma,262,0.004427867,0.04020979,0.070473764,0.001558182,NA,0.176810614,0.056751426,0.058773369,0.037833536,NA,0.980039878,0.478619447,0.230498215,0.967148243,NA,0.112157645,0.986720777,No significant outliers,38.77715129,1e-08,NO,0.967148243,0.001558182,0.979390626,Passed,0.992926568,NS
Smoking,TNFRSF21_Tumor_necrosis_factor_receptor_superfamily_member_21,260,0.053887746,0.036862362,0,NA,0.000547718,0.199849254,0.059070821,0.058617815,NA,0.045121335,0.787651246,0.532603459,1,NA,0.990314885,6.01790941398938e-06,0.784302332,rs12742446|rs853684,38.809889,1e-08,YES,0.990314885,0.000547718,0.990314885,Failed,0.980377915,NS
Smoking,IL5_Interleukin_5,262,0.030220459,0.019923473,0.019721369,-0.000520891,NA,0.165815436,0.054662251,0.052727291,0.037443884,NA,0.855525736,0.715497207,0.70838509,0.988900784,NA,0.94451083,0.84921414,No significant outliers,38.77715129,1e-08,NO,0.988900784,-0.000520891,0.990314885,Failed,0.970530446,NS
